userid,username,password_hash,created_at
1,Aditya,03ac674216f3e15c761ee1a5e255f067953623c8b388b4459e13f978d7c846f4,2025-12-15T12:26:40.374998
2,1,6b86b273ff34fce19d6b804eff5a3f5747ada4eaa22f1d49c01e52ddb7875b4b,2025-12-16T11:47:52.675254
3,2,d4735e3a265e16eee03f59718b9b5d03019c07d8b6c51f90da3a666eec13ab35,2025-12-27T19:22:13.485123
4,3,4e07408562bedb8b60ce05c1decfe3ad16b72230967de01f640b7e4729b49fce,2025-12-27T19:23:09.178130
5,5,ef2d127de37b942baad06145e54b0c619a1f22327b2ebbcfbec78f5564afe39d,2025-12-27T19:25:40.047716
6,6,e7f6c011776e8db7cd330b54174fd76f7d0216b612387a5ffcfb81e6f0919683,2025-12-27T19:28:27.516849
7,7,7902699be42c8a8e46fbbb4501726517e86b22c56a189f7625a6da49081b2451,2025-12-27T19:29:20.397779
8,8,2c624232cdd221771294dfbb310aca000a0df6ac8b66b696d90ef06fdefb64a3,2025-12-27T19:33:02.624334
9,pratik,095f26e6c7c467c5ecce3205a0dc90f6dc4868e8ddfe7a21829e91d47e386676,2025-12-27T19:35:53.759535
